Birstall,Y,LAB,BT,10.92.26.240,10.92.27.240,DYNAMIC,wh-r_lbo-birstall_01,10.96.129.240,N/A,Cisco 4321 ISR,"15.5(3)S4b, RELEASE SOFTWARE (fc1)",wh-s_lbo-birstall_01,10.96.239.226,WS-C2960X-24PS-L,"15.2(2)E6, RELEASE SOFTWARE (fc1)",10.96.239.224/27,10.160.239.224/27,10.161.239.224/27,10.162.239.224/27,10.163.239.224/27,10.164.239.224/27,10.165.239.224/27,10.166.239.224/27,10.167.239.224/27
4g Test,Y,POC,BT,10.92.26.239,10.92.27.239,DYNAMIC,wh-r_4g-tempconn_01,10.96.129.239,N/A,CISCO1941,"15.0(1r)M16, RELEASE SOFTWARE (fc1)",wh-s_4g-tempconn_01,10.96.239.2,WS-C2960X-24PS-L,"15.2(2)E5, RELEASE SOFTWARE (fc2)",10.96.239.0/27,10.160.239.0/27,10.161.239.0/27,10.162.239.0/27,10.163.239.0/27,10.164.239.0/27,10.165.239.0/27,10.166.239.0/27,10.167.239.0/27
Anlaby,Y,LBO,BT,10.92.26.31,10.92.27.31,83.100.156.130/22,wh-r_lbo-anlaby,10.96.129.31,N/A,Cisco 4321 ISR,"15.5(3)S4b, RELEASE SOFTWARE (fc1)",wh-s_anlaby,10.96.0.34,WS-C2960X-24PS-L,"15.2(2)E7, RELEASE SOFTWARE (fc3)",10.96.0.32/27,10.160.241.224/27,10.161.241.224/27,10.162.241.224/27,10.163.241.224/27,10.164.241.224/27,10.165.241.224/27,10.166.241.224/27,10.167.241.224/27
Bath Street,Y,LBO,BT,10.92.26.38,10.92.27.38,212.9.27.18/24,wh-r_lbo-bathst,10.96.129.38,N/A,Cisco 4321 ISR,"15.5(3)S4b, RELEASE SOFTWARE (fc1)",wh-s_bathst,10.96.6.194,WS-C2960X-24PS-L,"15.2(2)E5, RELEASE SOFTWARE (fc2)",10.96.6.192/27,10.160.242.128/27,10.161.242.128/27,10.162.242.128/27,10.163.242.128/27,10.164.242.128/27,10.165.242.128/27,10.166.242.128/27,10.167.242.128/27
Boothferry,Y,LBO,BT,10.92.26.17,10.92.27.17,83.100.131.62/22,wh-r_lbo-boothferry,10.96.129.17,N/A,Cisco 4321 ISR,"15.5(3)S4b, RELEASE SOFTWARE (fc1)",wh-s_boothferry,10.96.5.194,WS-C2960X-24PS-L,"15.2(2)E7, RELEASE SOFTWARE (fc3)",10.96.5.192/27,10.160.240.160/27,10.161.240.160/27,10.162.240.160/27,10.163.240.160/27,10.164.240.160/27,10.165.240.160/27,10.166.240.160/27,10.167.240.160/27
Burrard Street,Y,LBO,BT,10.92.26.39,10.92.27.39,212.9.27.19/24,wh-r_lbo-burrardst,10.96.129.39,N/A,Cisco 4321 ISR,"15.5(3)S4b, RELEASE SOFTWARE (fc1)",wh-s_burrardst,10.96.6.226,WS-C2960X-24PS-L,"15.2(2)E6, RELEASE SOFTWARE (fc1)",10.96.6.224/27,10.160.242.160/27,10.161.242.160/27,10.162.242.160/27,10.163.242.160/27,10.164.242.160/27,10.165.242.160/27,10.166.242.160/27,10.167.242.160/27
Charing Cross (Aka Sand Street),Y,LBO,BT,10.92.26.42,10.92.27.42,212.9.27.20/24,wh-r_lbo-charing,10.96.129.42,N/A,Cisco 4321 ISR,"15.5(3)S4b, RELEASE SOFTWARE (fc1)",wh-s_charing,10.96.7.2,WS-C2960+24LC-L,"15.2(2)E6, RELEASE SOFTWARE (fc1)",10.96.7.0/27,10.160.243.0/27,10.161.243.0/27,10.162.243.0/27,10.163.243.0/27,10.164.243.0/27,10.165.243.0/27,10.166.243.0/27,10.167.243.0/27
Conway Street,Y,LBO,BT,10.92.26.51,10.92.27.51,212.9.27.71/24,wh-r_lbo-conwayst,10.96.129.51,N/A,Cisco 4321 ISR,"15.5(3)S4b, RELEASE SOFTWARE (fc1)",wh-s_conwayst,10.96.7.34,WS-C2960X-24PS-L,"15.2(2)E6, RELEASE SOFTWARE (fc1)",10.96.7.32/27,10.160.243.128/27,10.161.243.128/27,10.162.243.128/27,10.163.243.128/27,10.164.243.128/27,10.165.243.128/27,10.166.243.128/27,10.167.243.128/27
Five Oaks (Aka Crown Stores),Y,LBO,BT,10.92.26.43,10.92.27.43,212.9.27.26/24,wh-r_lbo-fiveoaks,10.96.129.43,N/A,Cisco 4321 ISR,"15.5(3)S4b, RELEASE SOFTWARE (fc1)",wh-s_fiveoaks,10.96.7.66,WS-C2960X-24PS-L,"15.2(2)E6, RELEASE SOFTWARE (fc1)",10.96.7.64/27,10.160.243.32/27,10.161.243.32/27,10.162.243.32/27,10.163.243.32/27,10.164.243.32/27,10.165.243.32/27,10.166.243.32/27,10.167.243.32/27
Greenwood,Y,LBO,BT,10.92.26.16,10.92.27.16,83.100.156.86/22,wh-r_lbo-greenwood,10.96.129.16,N/A,Cisco 4321 ISR,"15.5(3)S4b, RELEASE SOFTWARE (fc1)",wh-s_greenwood,10.96.0.226,WS-C2960X-24PS-L,"15.2(2)E7, RELEASE SOFTWARE (fc3)",10.96.0.224/27,10.160.240.128/27,10.161.240.128/27,10.162.240.128/27,10.163.240.128/27,10.164.240.128/27,10.165.240.128/27,10.166.240.128/27,10.167.240.128/27
Holderness,Y,LBO,BT,10.92.26.21,10.92.27.21,83.100.156.94/22,wh-r_lbo-holderness,10.96.129.21,N/A,Cisco 4321 ISR,"15.5(3)S4b, RELEASE SOFTWARE (fc1)",wh-s_lbo-holderness,10.96.1.226,WS-C2960X-24PS-L,"15.2(2)E7, RELEASE SOFTWARE (fc3)",10.96.1.224/27,10.160.241.32/27,10.161.241.32/27,10.162.241.32/27,10.163.241.32/27,10.164.241.32/27,10.165.241.32/27,10.166.241.32/27,10.167.241.32/27
Hudsons,Y,LBO,BT,10.92.26.13,10.92.27.13,83.100.156.98/22,wh-r_lbo-hudsons,10.96.129.13,N/A,Cisco 4321 ISR,"15.5(3)S4b, RELEASE SOFTWARE (fc1)",wh-s_hudsons,10.96.0.130,WS-C2960X-24PS-L,"15.2(2)E7, RELEASE SOFTWARE (fc3)",10.96.0.128/27,10.160.240.32/27,10.161.240.32/27,10.162.240.32/27,10.163.240.32/27,10.164.240.32/27,10.165.240.32/27,10.166.240.32/27,10.167.240.32/27
Marfleet,Y,LBO,BT,10.92.26.34,10.92.27.34,94.72.229.66/22,wh-r_lbo-marfleet,10.96.129.34,N/A,Cisco 4321 ISR,"15.5(3)S4b, RELEASE SOFTWARE (fc1)",wh-s_marfleet,10.96.6.66,WS-C2960X-24PS-L,"15.2(2)E7, RELEASE SOFTWARE (fc3)",10.96.6.64/27,10.160.242.0/27,10.161.242.0/27,10.162.242.0/27,10.163.242.0/27,10.164.242.0/27,10.165.242.0/27,10.166.242.0/27,10.167.242.0/27
Mollison,Y,LBO,BT,10.92.26.35,10.92.27.35,83.100.147.102/22,wh-r_lbo-mollison,10.96.129.35,N/A,Cisco 4321 ISR,"15.5(3)S4b, RELEASE SOFTWARE (fc1)",wh-s_mollison,10.96.1.34,WS-C2960X-24PS-L,"15.2(2)E7, RELEASE SOFTWARE (fc3)",10.96.1.32/27,10.160.242.32/27,10.161.242.32/27,10.162.242.32/27,10.163.242.32/27,10.164.242.32/27,10.165.242.32/27,10.166.242.32/27,10.167.242.32/27
New Street,Y,LBO,BT,10.92.26.40,10.92.27.40,212.9.27.21/24,wh-r_lbo-newstreet,10.96.129.40,N/A,Cisco 4321 ISR,"15.5(3)S4b, RELEASE SOFTWARE (fc1)",wh-s_newstreet,10.96.7.98,WS-C2960X-24PS-L,"15.2(2)E6, RELEASE SOFTWARE (fc1)",10.96.7.96/27,10.160.242.192/27,10.161.242.192/27,10.162.242.192/27,10.163.242.192/27,10.164.242.192/27,10.165.242.192/27,10.166.242.192/27,10.167.242.192/27
Newlands,Y,LBO,BT,10.92.26.29,10.92.27.29,83.100.147.90/22,wh-r_lbo-newland,10.96.129.29,N/A,Cisco 4321 ISR,"15.5(3)S4b, RELEASE SOFTWARE (fc1)",wh-s_newland,10.96.3.2,WS-C2960X-24PS-L,"15.2(2)E7, RELEASE SOFTWARE (fc3)",10.96.3.0/27,10.160.241.192/27,10.161.241.192/27,10.162.241.192/27,10.163.241.192/27,10.164.241.192/27,10.165.241.192/27,10.166.241.192/27,10.167.241.192/27
Nightjar,Y,LBO,BT,10.92.26.20,10.92.27.20,213.249.229.226/22,wh-r_lbo-nightjar,10.96.129.20,N/A,Cisco 4321 ISR,"15.5(3)S4b, RELEASE SOFTWARE (fc1)",wh-s_lbo-nightjar,10.96.1.194,WS-C2960X-24PS-L,"15.2(2)E7, RELEASE SOFTWARE (fc3)",10.96.1.192/27,10.160.241.0/27,10.161.241.0/27,10.162.241.0/27,10.163.241.0/27,10.164.241.0/27,10.165.241.0/27,10.166.241.0/27,10.167.241.0/27
Orchard,Y,LBO,BT,10.92.26.36,10.92.27.36,83.100.160.42/22,wh-r_lbo-orchard,10.96.129.36,N/A,Cisco 4321 ISR,"15.5(3)S4b, RELEASE SOFTWARE (fc1)",wh-s_orchard,10.96.1.66,WS-C2960X-24PS-L,"15.2(2)E7, RELEASE SOFTWARE (fc3)",10.96.1.64/27,10.160.242.64/27,10.161.242.64/27,10.162.242.64/27,10.163.242.64/27,10.164.242.64/27,10.165.242.64/27,10.166.242.64/27,10.167.242.64/27
Paragon,Y,LBO,BT,10.92.26.23,10.92.27.23,83.100.139.122/22,wh-r_lbo-paragon,10.96.129.23,N/A,Cisco 4321 ISR,"15.5(3)S4b, RELEASE SOFTWARE (fc1)",wh-s_paragon,10.96.2.98,WS-C2960X-24PS-L,"15.2(2)E7, RELEASE SOFTWARE (fc3)",10.96.2.96/27,10.160.241.64/27,10.161.241.64/27,10.162.241.64/27,10.163.241.64/27,10.164.241.64/27,10.165.241.64/27,10.166.241.64/27,10.167.241.64/27
Poonah Road (Aka Halkett Place),Y,LBO,BT,10.92.26.41,10.92.27.41,212.9.10.58/24,wh-r_lbo-halkett,10.96.129.41,N/A,Cisco 4321 ISR,"15.5(3)S4b, RELEASE SOFTWARE (fc1)",wh-s_halkett,10.96.7.130,WS-C2960X-24PS-L,"15.2(2)E6, RELEASE SOFTWARE (fc1)",10.96.7.128/27,10.160.242.224/27,10.161.242.224/27,10.162.242.224/27,10.163.242.224/27,10.164.242.224/27,10.165.242.224/27,10.166.242.224/27,10.167.242.224/27
Redhouses,Y,LBO,BT,10.92.26.45,10.92.27.45,87.244.76.155/24,wh-r_lbo-redhouses,10.96.129.45,N/A,Cisco 4321 ISR,"15.5(3)S4b, RELEASE SOFTWARE (fc1)",wh-s_redhouses,10.96.7.194,WS-C2960X-24PS-L,"15.2(2)E6, RELEASE SOFTWARE (fc1)",10.96.7.192/27,10.160.243.96/27,10.161.243.96/27,10.162.243.96/27,10.163.243.96/27,10.164.243.96/27,10.165.243.96/27,10.166.243.96/27,10.167.243.96/27
Samman,Y,LBO,BT,10.92.26.37,10.92.27.37,83.100.139.78/22,wh-r_lbo-samman,10.96.129.37,N/A,Cisco 4321 ISR,"15.5(3)S4b, RELEASE SOFTWARE (fc1)",wh-s_samman,10.96.1.98,WS-C2960X-24PS-L,"15.2(2)E7, RELEASE SOFTWARE (fc3)",10.96.1.96/27,10.160.242.96/27,10.161.242.96/27,10.162.242.96/27,10.163.242.96/27,10.164.242.96/27,10.165.242.96/27,10.166.242.96/27,10.167.242.96/27
Shannon St (Used To Be Stillorgan Ireland),Y,LBO,BT,10.92.26.26,10.92.27.26,77.86.17.30/22,wh-r_lbo-shannon,10.96.129.26,N/A,Cisco 4321 ISR,"15.5(3)S4b, RELEASE SOFTWARE (fc1)",wh-s_shannon,10.96.5.98,WS-C2960X-24PS-L,"15.2(2)E7, RELEASE SOFTWARE (fc3)",10.96.5.96/27,10.160.241.128/27,10.161.241.128/27,10.162.241.128/27,10.163.241.128/27,10.164.241.128/27,10.165.241.128/27,10.166.241.128/27,10.167.241.128/27
Spring Bank,Y,LBO,BT,10.92.26.18,10.92.27.18,83.100.135.230/22,wh-r_lbo-springbank,10.96.129.18,N/A,Cisco 4321 ISR,"15.5(3)S4b, RELEASE SOFTWARE (fc1)",wh-s_springbank,10.96.1.130,WS-C2960X-24PS-L,"15.2(2)E7, RELEASE SOFTWARE (fc3)",10.96.1.128/27,10.160.240.192/27,10.161.240.192/27,10.162.240.192/27,10.163.240.192/27,10.164.240.192/27,10.165.240.192/27,10.166.240.192/27,10.167.240.192/27
St Aubin,Y,LBO,BT,10.92.26.44,10.92.27.44,212.9.27.24/24,wh-r_lbo-staubin,10.96.129.44,N/A,Cisco 4321 ISR,"15.5(3)S4b, RELEASE SOFTWARE (fc1)",wh-s_staubin,10.96.7.162,WS-C2960X-24PS-L,"15.2(2)E6, RELEASE SOFTWARE (fc1)",10.96.7.160/27,10.160.243.64/27,10.161.243.64/27,10.162.243.64/27,10.163.243.64/27,10.164.243.64/27,10.165.243.64/27,10.166.243.64/27,10.167.243.64/27
Statue,Y,LBO,BT,10.92.26.12,10.92.27.12,77.86.0.82/22,wh-r_lbo-statue,10.96.129.12,N/A,Cisco 4321 ISR,"15.5(3)S4b, RELEASE SOFTWARE (fc1)",wh-s_statue,10.96.0.98,WS-C2960X-24PS-L,"15.2(2)E7, RELEASE SOFTWARE (fc3)",10.96.0.96/27,10.160.240.0/27,10.161.240.0/27,10.162.240.0/27,10.163.240.0/27,10.164.240.0/27,10.165.240.0/27,10.166.240.0/27,10.167.240.0/27
Sutton,Y,LBO,BT,10.92.26.24,10.92.27.24,83.100.156.34/22,wh-r_lbo-sutton,10.96.129.24,N/A,Cisco 4321 ISR,"15.5(3)S4b, RELEASE SOFTWARE (fc1)",wh-s_sutton,10.96.2.162,WS-C2960X-24PS-L,"15.2(2)E7, RELEASE SOFTWARE (fc3)",10.96.2.160/27,10.160.241.96/27,10.161.241.96/27,10.162.241.96/27,10.163.241.96/27,10.164.241.96/27,10.165.241.96/27,10.166.241.96/27,10.167.241.96/27
West Hull,Y,LBO,BT,10.92.26.19,10.92.27.19,83.100.156.110/22,wh-r_lbo-westhull,10.96.129.19,N/A,Cisco 4321 ISR,"15.5(3)S4b, RELEASE SOFTWARE (fc1)",wh-s_westhull,10.96.1.162,WS-C2960X-24PS-L,"15.2(2)E7, RELEASE SOFTWARE (fc3)",10.96.1.160/27,10.160.240.224/27,10.161.240.224/27,10.162.240.224/27,10.163.240.224/27,10.164.240.224/27,10.165.240.224/27,10.166.240.224/27,10.167.240.224/27
West Park,Y,LBO,BT,10.92.26.27,10.92.27.27,83.100.156.114/22,wh-r_lbo-westpark,10.96.129.27,N/A,Cisco 4321 ISR,"15.5(3)S4b, RELEASE SOFTWARE (fc1)",wh-s_westpark,10.96.2.226,WS-C2960X-24PS-L,"15.2(2)E7, RELEASE SOFTWARE (fc3)",10.96.2.224/27,10.160.241.160/27,10.161.241.160/27,10.162.241.160/27,10.163.241.160/27,10.164.241.160/27,10.165.241.160/27,10.166.241.160/27,10.167.241.160/27
Aintree Unit 1 Aldaniti Bar,Y,RACECOURSE,TT,10.92.26.6,10.92.27.6,DYNAMIC,wh-r_rc-aintree_01,10.96.129.6,N/A,Cisco 4321 ISR,"15.5(3)S4b, RELEASE SOFTWARE (fc1)",wh-s_rc-aintree_01,10.96.14.194,WS-C2960X-24PS-L,"15.2(3r)E1, RELEASE SOFTWARE (fc1)",10.96.14.192/27,10.160.248.224/27,10.161.248.224/27,10.162.248.224/27,10.163.248.224/27,10.164.248.224/27,10.165.248.224/27,10.166.248.224/27,10.167.248.224/27
Aintree Unit 2 Irish Bar,Y,RACECOURSE,TT,10.92.26.7,10.92.27.7,DYNAMIC,wh-r_rc-aintree_02,10.96.129.7,N/A,Cisco 4321 ISR,"15.5(3)S4b, RELEASE SOFTWARE (fc1)",wh-s_rc-aintree_02,10.96.14.226,WS-C2960X-24PS-L,"15.0(2a)EX5, RELEASE SOFTWARE (fc3)",10.96.14.224/27,10.160.249.0/27,10.161.249.0/27,10.162.249.0/27,10.163.249.0/27,10.164.249.0/27,10.165.249.0/27,10.166.249.0/27,10.167.249.0/27
Aintree Equestrian Centre 1 (Main),Y,RACECOURSE,TT,10.92.26.145,10.92.27.145,DYNAMIC,wh-r_rc-aintree_03,10.96.129.145,N/A,Cisco 4321 ISR,"15.5(3)S4b, RELEASE SOFTWARE (fc1)",wh-s_rc-aintree_03,10.96.22.130,WS-C2960X-24PS-L,"15.2(2)E6, RELEASE SOFTWARE (fc1)", 10.96.22.128/25,10.160.224.224/27,10.161.224.224/27,10.162.224.224/27,10.163.224.224/27,10.164.224.224/27,10.165.224.224/27,10.166.224.224/27,10.167.224.224/27
Aintree Equestrian Centre 2,Y,RACECOURSE,USES UNIT 3's (Equestrian Centre) ROUTER,,,,,,,,,wh-s_rc-aintree_03_01,10.96.22.131,WS-C2960X-24PS-L,"15.2(2)E6, RELEASE SOFTWARE (fc1)",Same subnets as Aintree Equestrian Centre 1,,,,,,,,
Aintree Equestrian Centre 3,Y,RACECOURSE,,,,,,,,,,wh-s_rc-aintree_03_02,10.96.22.132,WS-C2960X-24PS-L,"15.2(2)E6, RELEASE SOFTWARE (fc1)",,,,,,,,,
Aintree Equestrian Centre Chair Pavillion 1,Y,RACECOURSE,,,,,,,,,,wh-s_rc-aintree_03_03,10.96.22.133,WS-C2960X-24PS-L,"15.2(2)E6, RELEASE SOFTWARE (fc1)",,,,,,,,,
Aintree Equestrian Centre Chair Pavillion 2,Y,RACECOURSE,,,,,,,,,,wh-s_rc-aintree_03_04,10.96.22.134,WS-C2960X-24PS-L,"15.2(2)E6, RELEASE SOFTWARE (fc1)",,,,,,,,,
Aintree Equestrian Centre Embankment,Y,RACECOURSE,,,,,,,,,,wh-s_rc-aintree_03_05,10.96.22.135,WS-C2960X-24PS-L,,,,,,,,,,
Ayr Main Stand (Unit 1) Ground Floor,Y,RACECOURSE,TT,10.92.26.32,10.92.27.32,DYNAMIC,wh-r_rc-ayr_01,10.96.129.32,N/A,Cisco 4321 ISR,"15.5(3)S4b, RELEASE SOFTWARE (fc1)",wh-s_rc-ayr_01,10.96.15.2,WS-C2960X-24PS-L,"15.2(2)E6, RELEASE SOFTWARE (fc1)",10.96.15.0/27,10.160.249.32/27,10.161.249.32/27,10.162.249.32/27,10.163.249.32/27,10.164.249.32/27,10.165.249.32/27,10.166.249.32/27,10.167.249.32/27
Ayr Main Stand (Unit 2) 1st Floor,Y,RACECOURSE,TT,10.92.26.33,10.92.27.33,DYNAMIC,wh-r_rc-ayr_02,10.96.129.33,N/A,Cisco 4321 ISR,"15.5(3)S4b, RELEASE SOFTWARE (fc1)",wh-s_rc-ayr_02,10.96.15.34,WS-C2960X-24PS-L,"15.2(3r)E1, RELEASE SOFTWARE (fc1)",10.96.15.32/27,10.160.249.64/27,10.161.249.64/27,10.162.249.64/27,10.163.249.64/27,10.164.249.64/27,10.165.249.64/27,10.166.249.64/27,10.167.249.64/27
Ayr Main Stand (Unit 3) Owners/Trainers Enc,Y,RACECOURSE,USES UNIT 1's ROUTER,,,,,,,,,wh-s_rc-ayr_01_01,10.96.15.3, WS-C2960X-24PS-L,"15.0(2a)EX5, RELEASE SOFTWARE (fc3)",Same subnets as Ayr Unit 1,,,,,,,,
Beverley,Y,RACECOURSE,TT,10.92.26.58,10.92.27.58,77.86.69.174/22,wh-r_beverleyrc,10.96.129.58,N/A,Cisco 4321 ISR,"15.5(3)S4b, RELEASE SOFTWARE (fc1)",wh-s_beverleyrc,10.96.2.34,WS-C2960X-24PS-L,"15.2(2)E7, RELEASE SOFTWARE (fc3)",10.96.2.32/27,10.160.243.160/27,10.161.243.160/27,10.162.243.160/27,10.163.243.160/27,10.164.243.160/27,10.165.243.160/27,10.166.243.160/27,10.167.243.160/27
Carlisle,Y,RACECOURSE,TT,10.92.26.14,10.92.27.14,DYNAMIC,wh-r_rc-carlisle_01,10.96.129.14,N/A,Cisco 4321 ISR,"15.5(3)S4b, RELEASE SOFTWARE (fc1)",wh-s_rc-carlisle_01,10.96.15.66, WS-C2960X-24PS-L,"15.0(2a)EX5, RELEASE SOFTWARE (fc3)",10.96.15.64/27,10.160.249.96/27,10.161.249.96/27,10.162.249.96/27,10.163.249.96/27,10.164.249.96/27,10.165.249.96/27,10.166.249.96/27,10.167.249.96/27
Cartmel 1,Y,RACECOURSE,TT,10.92.26.22,10.92.27.22,DYNAMIC,wh-r_rc-cartmel_01,10.96.129.22,N/A,Cisco 4321 ISR,"15.5(3)S4b, RELEASE SOFTWARE (fc1)",wh-s_rc-cartmel_01,10.96.15.98,WS-C2960X-24PS-L,"15.2(2)E6, RELEASE SOFTWARE (fc1)",10.96.15.96/27,10.160.249.128/27,10.161.249.128/27,10.162.249.128/27,10.163.249.128/27,10.164.249.128/27,10.165.249.128/27,10.166.249.128/27,10.167.249.128/27
Cartmel 2 (Popup),Y,RACECOURSE,USES UNIT 1's ROUTER,,,,,,,,,wh-s_rc-cartmel_01_01,10.96.15.99,WS-C2960X-24PS-L,"15.0(2)EX5, RELEASE SOFTWARE (fc1)",Same subnets as Cartmel 1,,,,,,,,
Cartmel 3 (Popup),Y,RACECOURSE,,,,,,,,,,wh-s_rc-cartmel_01_02,10.96.15.100,WS-C2960X-24PS-L,"15.2(3r)E1, RELEASE SOFTWARE (fc1)",,,,,,,,,
Catterick Bridge,Y,RACECOURSE,TT,10.92.26.25,10.92.27.25,DYNAMIC,wh-r_rc-catterick_01,10.96.129.25,N/A,Cisco 4321 ISR,"15.5(3)S4b, RELEASE SOFTWARE (fc1)",wh-s_rc-catterick_01,10.96.15.130,WS-C2960X-24PS-L,,10.96.15.128/27,10.160.249.160/27,10.161.249.160/27,10.162.249.160/27,10.163.249.160/27,10.164.249.160/27,10.165.249.160/27,10.166.249.160/27,10.167.249.160/27
Cheltenham Unit 1 Members Bar,Y,RACECOURSE,TT,10.92.26.105,10.92.27.105,DYNAMIC,wh-r_rc-cheltenham_01,10.96.129.105,N/A,Cisco 4321 ISR,"15.5(3)S4b, RELEASE SOFTWARE (fc1)",wh-s_rc-cheltenham_01,10.96.15.162,WS-C2960X-24PS-L,"15.0(2a)EX5, RELEASE SOFTWARE (fc3)",10.96.15.160/27,10.160.249.192/27,10.161.249.192/27,10.162.249.192/27,10.163.249.192/27,10.164.249.192/27,10.165.249.192/27,10.166.249.192/27,10.167.249.192/27
Cheltenham Unit 2 Queen Mother Stand,Y,RACECOURSE,TT,10.92.26.106,10.92.27.106,DYNAMIC,wh-r_rc-cheltenham_02,10.96.129.106,N/A,Cisco 4321 ISR,"15.5(3)S4b, RELEASE SOFTWARE (fc1)",wh-s_rc-cheltenham_02,10.96.15.194,WS-C2960X-24PS-L,"15.2(2)E6, RELEASE SOFTWARE (fc1)",10.96.15.192/27,10.160.249.224/27,10.161.249.224/27,10.162.249.224/27,10.163.249.224/27,10.164.249.224/27,10.165.249.224/27,10.166.249.224/27,10.167.249.224/27
Cheltenham Unit 2 Popup 1 Best Mate,Y,RACECOURSE,USES UNIT 2's ROUTER,,,,,,,,,wh-s_rc-cheltenham_02_01,10.96.15.195,WS-C2960X-24PS-L,,Same subnets as Cheltenham Unit 2 Queen Mother Stand,,,,,,,,
Cheltenham Unit 2 Popup 2 Guinness,Y,RACECOURSE,,,,,,,,,,wh-s_rc-cheltenham_02_02,10.96.15.196,WS-C2960X-24PS-L,,,,,,,,,,
Cheltenham Unit 3 Sun Centre Course,Y,RACECOURSE,TT,10.92.26.107,10.92.27.107,DYNAMIC,wh-r_rc-cheltenham_03,10.96.129.107,N/A,Cisco 4321 ISR,"15.5(3)S4b, RELEASE SOFTWARE (fc1)",wh-s_rc-cheltenham_03,10.96.15.226,WS-C2960X-24PS-L,"15.2(2)E6, RELEASE SOFTWARE (fc1)",10.96.15.224/27,10.160.250.0/27,10.161.250.0/27,10.162.250.0/27,10.163.250.0/27,10.164.250.0/27,10.165.250.0/27,10.166.250.0/27,10.167.250.0/27
Cheltenham Unit 4 Paddock,Y,RACECOURSE,TT,10.92.26.108,10.92.27.108,DYNAMIC,wh-r_rc-cheltenham_04,10.96.129.108,N/A,Cisco 4321 ISR,"15.5(3)S4b, RELEASE SOFTWARE (fc1)",wh-s_rc-cheltenham_04,10.96.16.2,WS-C2960X-24PS-L,"15.2(2)E6, RELEASE SOFTWARE (fc1)",10.96.16.0/27,10.160.250.32/27,10.161.250.32/27,10.162.250.32/27,10.163.250.32/27,10.164.250.32/27,10.165.250.32/27,10.166.250.32/27,10.167.250.32/27
Cheltenham Unit 4 Paddock Daisy Chain 1,Y,RACECOURSE,USES UNIT 4's ROUTER,,,,,,,,,wh-s_rc-cheltenham_04_01,10.96.16.3,WS-C2960X-24PS-L,"15.0(2a)EX5, RELEASE SOFTWARE (fc3)",Same subnets as Cheltenham Unit 4 Paddock,,,,,,,,
Cheltenham Unit 5 Lower Betting Hall,Y,RACECOURSE,TT,10.92.26.109,10.92.27.109,DYNAMIC,wh-r_rc-cheltenham_05,10.96.129.109,N/A,Cisco 4321 ISR,"15.5(3)S4b, RELEASE SOFTWARE (fc1)",wh-s_rc-cheltenham_05,10.96.16.34,WS-C2960X-24PS-L,"15.2(2)E6, RELEASE SOFTWARE (fc1)",10.96.16.32/27,10.160.250.64/27,10.161.250.64/27,10.162.250.64/27,10.163.250.64/27,10.164.250.64/27,10.165.250.64/27,10.166.250.64/27,10.167.250.64/27
Cheltenham Unit 6 Grandstand,Y,RACECOURSE,TT,10.92.26.110,10.92.27.110,DYNAMIC,wh-r_rc-cheltenham_06,10.96.129.110,N/A,Cisco 4321 ISR,"15.5(3)S4b, RELEASE SOFTWARE (fc1)",wh-s_rc-cheltenham_06,10.96.16.66,WS-C2960X-24PS-L,"15.2(2)E6, RELEASE SOFTWARE (fc1)",10.96.16.64/27,10.160.250.96/27,10.161.250.96/27,10.162.250.96/27,10.163.250.96/27,10.164.250.96/27,10.165.250.96/27,10.166.250.96/27,10.167.250.96/27
Doncaster Unit 1,N,RACECOURSE,Local,10.92.26.151,10.92.27.151,10.104.217.50/24,wh-r_rc-doncaster_01,10.96.129.151,N/A,Cisco 4321 ISR,"16.5.1b, RELEASE SOFTWARE (fc1)",wh-s_rc-doncaster_01,10.96.24.2,WS-C2960X-24PS-L,"15.0(2a)EX5, RELEASE SOFTWARE (fc3)",10.96.24.0/27,10.160.225.160/27,10.161.225.160/27,10.162.225.160/27,10.163.225.160/27,10.164.225.160/27,10.165.225.160/27,10.166.225.160/27,10.167.225.160/27
Doncaster Unit 2,N,RACECOURSE,Local,10.92.26.152,10.92.27.152,10.104.217.52/24,wh-r_rc-doncaster_02,10.96.129.152,N/A,Cisco 4321 ISR,"15.5(3)S4b, RELEASE SOFTWARE (fc1)",wh-s_rc-doncaster_02,10.96.24.34,WS-C2960X-24PS-L,"15.2(2)E6, RELEASE SOFTWARE (fc1)",10.96.24.32/27,10.160.225.192/27,10.161.225.192/27,10.162.225.192/27,10.163.225.192/27,10.164.225.192/27,10.165.225.192/27,10.166.225.192/27,10.167.225.192/27
Epsom Downs Unit 1 Grandstand,Y,RACECOURSE,TT,10.92.26.140,10.92.27.140,DYNAMIC,wh-r_rc-epsom_01,10.96.129.140,N/A,Cisco 4321 ISR,"15.5(3)S4b, RELEASE SOFTWARE (fc1)",wh-s_rc-epsom_01,10.96.16.98,WS-C2960X-24PS-L,"15.2(2)E6, RELEASE SOFTWARE (fc1)",10.96.16.96/27,10.160.250.128/27,10.161.250.128/27,10.162.250.128/27,10.163.250.128/27,10.164.250.128/27,10.165.250.128/27,10.166.250.128/27,10.167.250.128/27
Epsom Downs Unit 2 Qe Stand,Y,RACECOURSE,TT,10.92.26.141,10.92.27.141,DYNAMIC,wh-r_rc-epsom_02,10.96.129.141,N/A,Cisco 4321 ISR,"15.5(3)S4b, RELEASE SOFTWARE (fc1)",wh-s_rc-epsom_02,10.96.16.130,WS-C2960X-24PS-L,"15.2(2)E6, RELEASE SOFTWARE (fc1)",10.96.16.128/27,10.160.250.160/27,10.161.250.160/27,10.162.250.160/27,10.163.250.160/27,10.164.250.160/27,10.165.250.160/27,10.166.250.160/27,10.167.250.160/27
Exeter,Y,RACECOURSE,TT,10.92.26.28,10.92.27.28,DYNAMIC,wh-r_rc-exeter_01,10.96.129.28,N/A,Cisco 4321 ISR,"15.5(3)S4b, RELEASE SOFTWARE (fc1)",wh-s_rc-exeter_01,10.96.16.162,WS-C2960X-24PS-L,"15.2(3r)E1, RELEASE SOFTWARE (fc1)",10.96.16.160/27,10.160.250.192/27,10.161.250.192/27,10.162.250.192/27,10.163.250.192/27,10.164.250.192/27,10.165.250.192/27,10.166.250.192/27,10.167.250.192/27
Goodwood Unit 1 Lennox,Y,RACECOURSE,Local,10.92.26.52,10.92.27.52,DYNAMIC,wh-r_rc-goodwood_01,10.96.129.52,N/A,Cisco 4321 ISR,"15.5(3)S4b, RELEASE SOFTWARE (fc1)",wh-s_rc-goodwood_01,10.96.8.66,WS-C2960X-24PS-L,"15.2(2)E6, RELEASE SOFTWARE (fc1)",10.96.8.64/27,10.160.243.192/27,10.161.243.192/27,10.162.243.192/27,10.163.243.192/27,10.164.243.192/27,10.165.243.192/27,10.166.243.192/27,10.167.243.192/27
Goodwood Unit 2,Y,RACECOURSE,Local,10.92.26.53,10.92.27.53,DYNAMIC,wh-r_rc-goodwood_02,10.96.129.53,N/A,Cisco 4321 ISR,"15.5(3)S4b, RELEASE SOFTWARE (fc1)",wh-s_rc-goodwood_02,10.96.8.98,WS-C2960X-24PS-L,"15.0(2a)EX5, RELEASE SOFTWARE (fc3)",10.96.8.96/27,10.160.243.224/27,10.161.243.224/27,10.162.243.224/27,10.163.243.224/27,10.164.243.224/27,10.165.243.224/27,10.166.243.224/27,10.167.243.224/27
Goodwood Unit 3 Gordons ,Y,RACECOURSE,Local,10.92.26.54,10.92.27.54,DYNAMIC,wh-r_rc-goodwood_03,10.96.129.54,N/A,Cisco 4321 ISR,"15.5(3)S4b, RELEASE SOFTWARE (fc1)",wh-s_rc-goodwood_03,10.96.8.130,WS-C2960X-24PS-L,"15.0(2a)EX5, RELEASE SOFTWARE (fc3)",10.96.8.128/27,10.160.244.0/27,10.161.244.0/27,10.162.244.0/27,10.163.244.0/27,10.164.244.0/27,10.165.244.0/27,10.166.244.0/27,10.167.244.0/27
Hamilton Park,Y,RACECOURSE,TT,10.92.26.30,10.92.27.30,DYNAMIC,wh-r_rc-hamilton_01,10.96.129.30,N/A,Cisco 4321 ISR,"15.5(3)S4b, RELEASE SOFTWARE (fc1)",wh-s_rc-hamilton_01,10.96.16.194,WS-C2960X-24PS-L,"15.2(2)E6, RELEASE SOFTWARE (fc1)",10.96.16.192/27,10.160.250.224/27,10.161.250.224/27,10.162.250.224/27,10.163.250.224/27,10.164.250.224/27,10.165.250.224/27,10.166.250.224/27,10.167.250.224/27
Haydock Main Betting Shop,Y,RACECOURSE,TT,10.92.26.55,10.92.27.55,DYNAMIC,wh-r_rc-haydock_01,10.96.129.55,N/A,Cisco 4321 ISR,"15.5(3)S4b, RELEASE SOFTWARE (fc1)",wh-s_rc-haydock_01,10.96.16.226,WS-C2960X-24PS-L,"15.2(2)E6, RELEASE SOFTWARE (fc1)",10.96.16.224/27,10.160.251.0/27,10.161.251.0/27,10.162.251.0/27,10.163.251.0/27,10.164.251.0/27,10.165.251.0/27,10.166.251.0/27,10.167.251.0/27
Haydock Sports Bar,Y,RACECOURSE,TT,10.92.26.56,10.92.27.56,DYNAMIC,wh-r_rc-haydock_02,10.96.129.56,N/A,Cisco 4321 ISR,"15.5(3)S4b, RELEASE SOFTWARE (fc1)",wh-s_rc-haydock_02,10.96.17.2,WS-C2960X-24PS-L,"15.2(2)E6, RELEASE SOFTWARE (fc1)",10.96.17.0/27,10.160.251.32/27,10.161.251.32/27,10.162.251.32/27,10.163.251.32/27,10.164.251.32/27,10.165.251.32/27,10.166.251.32/27,10.167.251.32/27
Haydock Be Friendly,Y,RACECOURSE,TT,10.92.26.57,10.92.27.57,DYNAMIC,wh-r_rc-haydock_03,10.96.129.57,N/A,Cisco 4321 ISR,"15.5(3)S4b, RELEASE SOFTWARE (fc1)",wh-s_rc-haydock_03,10.96.17.34,WS-C2960X-24PS-L,"15.2(2)E5, RELEASE SOFTWARE (fc2)",10.96.17.32/27,10.160.251.64/27,10.161.251.64/27,10.162.251.64/27,10.163.251.64/27,10.164.251.64/27,10.165.251.64/27,10.166.251.64/27,10.167.251.64/27
Huntingdon,Y,RACECOURSE,TT,10.92.26.59,10.92.27.59,DYNAMIC,wh-r_rc-huntingdon_01,10.96.129.59,N/A,Cisco 4321 ISR,"15.5(3)S4b, RELEASE SOFTWARE (fc1)",wh-s_rc-huntingdon_01,10.96.17.66,WS-C2960X-24PS-L,"15.2(2)E6, RELEASE SOFTWARE (fc1)",10.96.17.64/27,10.160.251.96/27,10.161.251.96/27,10.162.251.96/27,10.163.251.96/27,10.164.251.96/27,10.165.251.96/27,10.166.251.96/27,10.167.251.96/27
Kelso,Y,RACECOURSE,TT,10.92.26.60,10.92.27.60,DYNAMIC,wh-r_rc-kelso_01,10.96.129.60,N/A,Cisco 4321 ISR,"15.5(3)S4b, RELEASE SOFTWARE (fc1)",wh-s_rc-kelso_01,10.96.17.98,WS-C2960X-24PS-L,"15.2(2)E6, RELEASE SOFTWARE (fc1)",10.96.17.96/27,10.160.251.128/27,10.161.251.128/27,10.162.251.128/27,10.163.251.128/27,10.164.251.128/27,10.165.251.128/27,10.166.251.128/27,10.167.251.128/27
Kempton Park Unit 1 Grandstand,Y,RACECOURSE,TT,10.92.26.67,10.92.27.67,DYNAMIC,wh-r_rc-kempton_01,10.96.129.67,N/A,Cisco 4321 ISR,"15.5(3)S4b, RELEASE SOFTWARE (fc1)",wh-s_rc-kempton_01,10.96.17.130,WS-C2960X-24PS-L,"15.2(2)E6, RELEASE SOFTWARE (fc1)",10.96.17.128/27,10.160.251.160/27,10.161.251.160/27,10.162.251.160/27,10.163.251.160/27,10.164.251.160/27,10.165.251.160/27,10.166.251.160/27,10.167.251.160/27
Kempton Park Unit 2 Annex,Y,RACECOURSE,TT,10.92.26.68,10.92.27.68,DYNAMIC,wh-r_rc-kempton_02,10.96.129.68,N/A,Cisco 4321 ISR,"15.5(3)S4b, RELEASE SOFTWARE (fc1)",wh-s_rc-kempton_02,10.96.17.162,WS-C2960X-24PS-L,"15.2(2)E6, RELEASE SOFTWARE (fc1)",10.96.17.160/27,10.160.251.192/27,10.161.251.192/27,10.162.251.192/27,10.163.251.192/27,10.164.251.192/27,10.165.251.192/27,10.166.251.192/27,10.167.251.192/27
Kempton Park Unit 3,Y,RACECOURSE,TT,10.92.26.69,10.92.27.69,DYNAMIC,wh-r_rc-kempton_03,10.96.129.69,N/A,Cisco 4321 ISR,"15.5(3)S4b, RELEASE SOFTWARE (fc1)",wh-s_rc-kempton_03,10.96.17.194,WS-C2960X-24PS-L,"15.0(2)EX3, RELEASE SOFTWARE (fc1)",10.96.17.192/27,10.160.251.224/27,10.161.251.224/27,10.162.251.224/27,10.163.251.224/27,10.164.251.224/27,10.165.251.224/27,10.166.251.224/27,10.167.251.224/27
Leicester,Y,RACECOURSE,TT,10.92.26.100,10.92.27.100,DYNAMIC,wh-r_rc-leicester_01,10.96.129.100,N/A,Cisco 4321 ISR,"15.5(3)S4b, RELEASE SOFTWARE (fc1)",wh-s_rc-leicester_01,10.96.17.226,WS-C2960X-24PS-L,"15.2(2)E6, RELEASE SOFTWARE (fc1)",10.96.17.224/27,10.160.252.0/27,10.161.252.0/27,10.162.252.0/27,10.163.252.0/27,10.164.252.0/27,10.165.252.0/27,10.166.252.0/27,10.167.252.0/27
Market Rasen,Y,RACECOURSE,TT,10.92.26.101,10.92.27.101,DYNAMIC,wh-r_rc-market_01,10.96.129.101,N/A,Cisco 4321 ISR,"15.5(3)S4b, RELEASE SOFTWARE (fc1)",wh-s_rc-market_01,10.96.18.2,WS-C2960X-24PS-L,"15.2(2)E6, RELEASE SOFTWARE (fc1)",10.96.18.0/27,10.160.252.32/27,10.161.252.32/27,10.162.252.32/27,10.163.252.32/27,10.164.252.32/27,10.165.252.32/27,10.166.252.32/27,10.167.252.32/27
Musselburgh,Y,RACECOURSE,TT,10.92.26.102,10.92.27.102,DYNAMIC,wh-r_rc-musselburgh_01,10.96.129.102,N/A,Cisco 4321 ISR,"15.5(3)S4b, RELEASE SOFTWARE (fc1)",wh-s_rc-musselburgh_01,10.96.18.34,WS-C2960X-24PS-L,"15.2(2)E6, RELEASE SOFTWARE (fc1)",10.96.18.32/27,10.160.252.64/27,10.161.252.64/27,10.162.252.64/27,10.163.252.64/27,10.164.252.64/27,10.165.252.64/27,10.166.252.64/27,10.167.252.64/27
Newbury Unit 1 Berkshire,Y,RACECOURSE,TT,10.92.26.103,10.92.27.103,DYNAMIC,wh-r_rc-newbury_01,10.96.129.103,N/A,Cisco 4321 ISR,"15.5(3)S4b, RELEASE SOFTWARE (fc1)",wh-s_rc-newbury_01,10.96.18.66,WS-C2960X-24PS-L,"15.2(2)E6, RELEASE SOFTWARE (fc1)",10.96.18.64/27,10.160.252.96/27,10.161.252.96/27,10.162.252.96/27,10.163.252.96/27,10.164.252.96/27,10.165.252.96/27,10.166.252.96/27,10.167.252.96/27
Newbury Unit 2 Grandstand,Y,RACECOURSE,TT,10.92.26.104,10.92.27.104,DYNAMIC,wh-r_rc-newbury_02,10.96.129.104,N/A,Cisco 4321 ISR,"15.5(3)S4b, RELEASE SOFTWARE (fc1)",wh-s_rc-newbury_02,10.96.18.98,WS-C2960X-24PS-L,"15.2(2)E6, RELEASE SOFTWARE (fc1)",10.96.18.96/27,10.160.252.128/27,10.161.252.128/27,10.162.252.128/27,10.163.252.128/27,10.164.252.128/27,10.165.252.128/27,10.166.252.128/27,10.167.252.128/27
Newmarket Unit 1 Rowley King Charles Statue,Y,RACECOURSE,TT,10.92.26.111,10.92.27.111,DYNAMIC,wh-r_rc-newmarket_01,10.96.129.111,N/A,Cisco 4321 ISR,"15.5(3)S4b, RELEASE SOFTWARE (fc1)",wh-s_rc-newmarket_01,10.96.18.130,WS-C2960X-24PS-L,"15.2(2)E6, RELEASE SOFTWARE (fc1)",10.96.18.128/27,10.160.252.160/27,10.161.252.160/27,10.162.252.160/27,10.163.252.160/27,10.164.252.160/27,10.165.252.160/27,10.166.252.160/27,10.167.252.160/27
Newmarket Unit 2 Rowley Grandstand,Y,RACECOURSE,TT,10.92.26.112,10.92.27.112,DYNAMIC,wh-r_rc-newmarket_02,10.96.129.112,N/A,Cisco 4321 ISR,"15.5(3)S4b, RELEASE SOFTWARE (fc1)",wh-s_rc-newmarket_02,10.96.18.162,WS-C2960X-24PS-L,"15.0(2a)EX5, RELEASE SOFTWARE (fc3)",10.96.18.160/27,10.160.252.192/27,10.161.252.192/27,10.162.252.192/27,10.163.252.192/27,10.164.252.192/27,10.165.252.192/27,10.166.252.192/27,10.167.252.192/27
Newmarket Unit 3 Rowley Grandstand,Y,RACECOURSE,TT,10.92.26.113,10.92.27.113,DYNAMIC,wh-r_rc-newmarket_03,10.96.129.113,N/A,Cisco 4321 ISR,"15.5(3)S4b, RELEASE SOFTWARE (fc1)",wh-s_rc-newmarket_03,10.96.18.194,WS-C2960X-24PS-L,"15.2(2)E6, RELEASE SOFTWARE (fc1)",10.96.18.192/27,10.160.252.224/27,10.161.252.224/27,10.162.252.224/27,10.163.252.224/27,10.164.252.224/27,10.165.252.224/27,10.166.252.224/27,10.167.252.224/27
Newmarket Unit 4 July Sharpo Bar,Y,RACECOURSE,TT,10.92.26.114,10.92.27.114,DYNAMIC,wh-r_rc-newmarket_04,10.96.129.114,N/A,Cisco 4321 ISR,"15.5(3)S4b, RELEASE SOFTWARE (fc1)",wh-s_rc-newmarket_04,10.96.18.226,WS-C2960X-24PS-L,"15.0(2)EX5, RELEASE SOFTWARE (fc1)",10.96.18.224/27,10.160.253.0/27,10.161.253.0/27,10.162.253.0/27,10.163.253.0/27,10.164.253.0/27,10.165.253.0/27,10.166.253.0/27,10.167.253.0/27
Newmarket Unit 5 July Paddock,Y,RACECOURSE,TT,10.92.26.115,10.92.27.115,DYNAMIC,wh-r_rc-newmarket_05,10.96.129.115,N/A,Cisco 4321 ISR,"15.5(3)S4b, RELEASE SOFTWARE (fc1)",wh-s_rc-newmarket_05,10.96.19.2,WS-C2960X-24PS-L,"15.2(2)E6, RELEASE SOFTWARE (fc1)",10.96.19.0/27,10.160.253.32/27,10.161.253.32/27,10.162.253.32/27,10.163.253.32/27,10.164.253.32/27,10.165.253.32/27,10.166.253.32/27,10.167.253.32/27
Newmarket Unit 6 July Marwell Bar,Y,RACECOURSE,TT,10.92.26.116,10.92.27.116,DYNAMIC,wh-r_rc-newmarket_06,10.96.129.116,N/A,Cisco 4321 ISR,"15.5(3)S4b, RELEASE SOFTWARE (fc1)",wh-s_rc-newmarket_06,10.96.19.34,WS-C2960X-24PS-L,"15.2(2)E6, RELEASE SOFTWARE (fc1)",10.96.19.32/27,10.160.253.64/27,10.161.253.64/27,10.162.253.64/27,10.163.253.64/27,10.164.253.64/27,10.165.253.64/27,10.166.253.64/27,10.167.253.64/27
Newton Abbot Unit 1 Bar,N,RACECOURSE,TT,10.92.26.117,10.92.27.117,DYNAMIC,wh-r_rc-newton_01,10.96.129.117,N/A,Cisco 4321 ISR,"15.5(3)S4b, RELEASE SOFTWARE (fc1)",wh-s_rc-newton_01,10.96.19.66,WS-C2960X-24PS-L,"15.2(2)E6, RELEASE SOFTWARE (fc1)",10.96.19.64/27,10.160.253.96/27,10.161.253.96/27,10.162.253.96/27,10.163.253.96/27,10.164.253.96/27,10.165.253.96/27,10.166.253.96/27,10.167.253.96/27
Newton Abbot Unit 2,Y,RACECOURSE,TT,10.92.26.118,10.92.27.118,DYNAMIC,wh-r_rc-newton_02,10.96.129.118,N/A,Cisco 4321 ISR,"15.5(3)S4b, RELEASE SOFTWARE (fc1)",wh-s_rc-newton_02,10.96.19.98,WS-C2960X-24PS-L,"15.2(2)E6, RELEASE SOFTWARE (fc1)",10.96.19.96/27,10.160.253.128/27,10.161.253.128/27,10.162.253.128/27,10.163.253.128/27,10.164.253.128/27,10.165.253.128/27,10.166.253.128/27,10.167.253.128/27
Nottingham,Y,RACECOURSE,TT,10.92.26.119,10.92.27.119,DYNAMIC,wh-r_rc-nottingham_01,10.96.129.119,N/A,Cisco 4321 ISR,"15.5(3)S4b, RELEASE SOFTWARE (fc1)",wh-s_rc-nottingham_01,10.96.19.130,WS-C2960X-24PS-L,"15.2(2)E6, RELEASE SOFTWARE (fc1)",10.96.19.128/27,10.160.253.160/27,10.161.253.160/27,10.162.253.160/27,10.163.253.160/27,10.164.253.160/27,10.165.253.160/27,10.166.253.160/27,10.167.253.160/27
Perth,Y,RACECOURSE,TT,10.92.26.120,10.92.27.120,DYNAMIC,wh-r_rc-perth_01,10.96.129.120,N/A,Cisco 4321 ISR,"15.5(3)S4b, RELEASE SOFTWARE (fc1)",wh-s_rc-perth_01,10.96.19.162,WS-C2960X-24PS-L,"15.2(2)E6, RELEASE SOFTWARE (fc1)",10.96.19.160/27,10.160.253.192/27,10.161.253.192/27,10.162.253.192/27,10.163.253.192/27,10.164.253.192/27,10.165.253.192/27,10.166.253.192/27,10.167.253.192/27
Plumpton,Y,RACECOURSE,TT,10.92.26.121,10.92.27.121,DYNAMIC,wh-r_rc-plumpton_01,10.96.129.121,N/A,Cisco 4321 ISR,"15.5(3)S4b, RELEASE SOFTWARE (fc1)",wh-s_rc-plumpton_01,10.96.19.194,WS-C2960X-24PS-L,"15.2(2)E6, RELEASE SOFTWARE (fc1)",10.96.19.192/27,10.160.253.224/27,10.161.253.224/27,10.162.253.224/27,10.163.253.224/27,10.164.253.224/27,10.165.253.224/27,10.166.253.224/27,10.167.253.224/27
Plumpton 2,Y,RACECOURSE,TT,10.92.26.146,10.92.27.146,DYNAMIC,wh-r_rc-plumpton_02,10.96.129.146,N/A,Cisco 4321 ISR,"15.5(3)S4b, RELEASE SOFTWARE (fc1)",wh-s_rc-plumpton_02,10.96.23.2,WS-C2960X-24PS-L,"15.2(2)E6, RELEASE SOFTWARE (fc1)",10.96.23.0/27,10.160.225.0/27,10.161.225.0/27,10.162.225.0/27,10.163.225.0/27,10.164.225.0/27,10.165.225.0/27,10.166.225.0/27,10.167.225.0/27
Pontefract Unit 1,Y,RACECOURSE,TT,10.92.26.122,10.92.27.122,DYNAMIC,wh-r_rc-pontefract_01,10.96.129.122,N/A,Cisco 4321 ISR,"15.5(3)S4b, RELEASE SOFTWARE (fc1)",wh-s_rc-pontefract_01,10.96.19.226,WS-C2960X-24PS-L,"15.2(2)E7, RELEASE SOFTWARE (fc3)",10.96.19.224/27,10.160.254.0/27,10.161.254.0/27,10.162.254.0/27,10.163.254.0/27,10.164.254.0/27,10.165.254.0/27,10.166.254.0/27,10.167.254.0/27
Pontefract Unit 2,Y,RACECOURSE,TT,10.92.26.123,10.92.27.123,DYNAMIC,wh-r_rc-pontefract_02,10.96.129.123,N/A,Cisco 4321 ISR,"15.5(3)S4b, RELEASE SOFTWARE (fc1)",wh-s_rc-pontefract_02,10.96.20.2,WS-C2960X-24PS-L,"15.2(2)E6, RELEASE SOFTWARE (fc1)",10.96.20.0/27,10.160.254.32/27,10.161.254.32/27,10.162.254.32/27,10.163.254.32/27,10.164.254.32/27,10.165.254.32/27,10.166.254.32/27,10.167.254.32/27
Redcar,Y,RACECOURSE,TT,10.92.26.124,10.92.27.124,DYNAMIC,wh-r_rc-redcar_01,10.96.129.124,N/A,Cisco 4321 ISR,"15.5(3)S4b, RELEASE SOFTWARE (fc1)",wh-s_rc-redcar_01,10.96.20.34,WS-C2960X-24PS-L,"15.2(2)E6, RELEASE SOFTWARE (fc1)",10.96.20.32/27,10.160.254.64/27,10.161.254.64/27,10.162.254.64/27,10.163.254.64/27,10.164.254.64/27,10.165.254.64/27,10.166.254.64/27,10.167.254.64/27
Ripon 1,Y,RACECOURSE,TT,10.92.26.48,10.92.27.48,DYNAMIC,wh-r_rc-ripon_01,10.96.129.48,N/A,Cisco 4321 ISR,"15.5(3)S4b, RELEASE SOFTWARE (fc1)",wh-s_rc-ripon_01,10.96.7.226,WS-C2960X-24PS-L,"15.2(2)E6, RELEASE SOFTWARE (fc1)",10.96.7.224/27,10.160.244.32/27,10.161.244.32/27,10.162.244.32/27,10.163.244.32/27,10.164.244.32/27,10.165.244.32/27,10.166.244.32/27,10.167.244.32/27
Ripon 2,Y,RACECOURSE,TT,10.92.26.49,10.92.27.49,DYNAMIC,wh-r_rc-ripon_02,10.96.129.49,N/A,Cisco 4321 ISR,"15.5(3)S4b, RELEASE SOFTWARE (fc1)",wh-s_rc-ripon_02,10.96.8.2,WS-C2960X-24PS-L,"15.2(2)E6, RELEASE SOFTWARE (fc1)",10.96.8.0/27,10.160.244.64/27,10.161.244.64/27,10.162.244.64/27,10.163.244.64/27,10.164.244.64/27,10.165.244.64/27,10.166.244.64/27,10.167.244.64/27
Ripon 4,Y,RACECOURSE,TT,10.92.26.50,10.92.27.50,DYNAMIC,wh-r_rc-ripon_04,10.96.129.50,N/A,Cisco 4321 ISR,"15.5(3)S4b, RELEASE SOFTWARE (fc1)",wh-s_rc-ripon_04,10.96.8.34,WS-C2960-24-S,"12.2(44)SE6, RELEASE SOFTWARE (fc1)",10.96.8.32/27,10.160.240.64/27,10.161.240.64/27,10.162.240.64/27,10.163.240.64/27,10.164.240.64/27,10.165.240.64/27,10.166.240.64/27,10.167.240.64/27
Salisbury,Y,RACECOURSE,TT,10.92.26.125,10.92.27.125,DYNAMIC,wh-r_rc-salisbury_01,10.96.129.125,N/A,Cisco 4321 ISR,"15.5(3)S4b, RELEASE SOFTWARE (fc1)",wh-s_rc-salisbury_01,10.96.20.66,WS-C2960X-24PS-L,"15.0(2a)EX5, RELEASE SOFTWARE (fc3)",10.96.20.64/27,10.160.254.96/27,10.161.254.96/27,10.162.254.96/27,10.163.254.96/27,10.164.254.96/27,10.165.254.96/27,10.166.254.96/27,10.167.254.96/27
Sandown Park Unit 1,Y,RACECOURSE,TT,10.92.26.126,10.92.27.126,DYNAMIC,wh-r_rc-sandown_01,10.96.129.126,N/A,Cisco 4321 ISR,"15.5(3)S4b, RELEASE SOFTWARE (fc1)",wh-s_rc-sandown_01,10.96.20.98,WS-C2960X-24PS-L,"15.2(2)E6, RELEASE SOFTWARE (fc1)",10.96.20.96/27,10.160.254.128/27,10.161.254.128/27,10.162.254.128/27,10.163.254.128/27,10.164.254.128/27,10.165.254.128/27,10.166.254.128/27,10.167.254.128/27
Sandown Park Unit 2,Y,RACECOURSE,TT,10.92.26.127,10.92.27.127,DYNAMIC,wh-r_rc-sandown_02,10.96.129.127,N/A,Cisco 4321 ISR,"15.5(3)S4b, RELEASE SOFTWARE (fc1)",wh-s_rc-sandown_02,10.96.20.130,WS-C2960X-24PS-L,"15.2(2)E6, RELEASE SOFTWARE (fc1)",10.96.20.128/27,10.160.254.160/27,10.161.254.160/27,10.162.254.160/27,10.163.254.160/27,10.164.254.160/27,10.165.254.160/27,10.166.254.160/27,10.167.254.160/27
Stratford-On-Avon Unit 1,Y,RACECOURSE,TT,10.92.26.128,10.92.27.128,DYNAMIC,wh-r_rc-stratford_01,10.96.129.128,N/A,Cisco 4321 ISR,"15.5(3)S4b, RELEASE SOFTWARE (fc1)",wh-s_rc-stratford_01,10.96.20.162,WS-C2960X-24PS-L,"15.2(2)E6, RELEASE SOFTWARE (fc1)",10.96.20.160/27,10.160.254.192/27,10.161.254.192/27,10.162.254.192/27,10.163.254.192/27,10.164.254.192/27,10.165.254.192/27,10.166.254.192/27,10.167.254.192/27
Stratford-On-Avon Unit 2,Y,RACECOURSE,TT,10.92.26.129,10.92.27.129,DYNAMIC,wh-r_rc-stratford_02,10.96.129.129,N/A,Cisco 4321 ISR,"15.5(3)S4b, RELEASE SOFTWARE (fc1)",wh-s_rc-stratford_02,10.96.20.194,WS-C2960X-24PS-L,"15.0(2a)EX5, RELEASE SOFTWARE (fc3)",10.96.20.192/27,10.160.254.224/27,10.161.254.224/27,10.162.254.224/27,10.163.254.224/27,10.164.254.224/27,10.165.254.224/27,10.166.254.224/27,10.167.254.224/27
Taunton,Y,RACECOURSE,TT,10.92.26.130,10.92.27.130,DYNAMIC,wh-r_rc-taunton_01,10.96.129.130,N/A,Cisco 4321 ISR,"15.5(3)S4b, RELEASE SOFTWARE (fc1)",wh-s_rc-taunton_01,10.96.20.226,WS-C2960X-24PS-L,"15.2(2)E3, RELEASE SOFTWARE (fc3)",10.96.20.224/27,10.160.255.0/27,10.161.255.0/27,10.162.255.0/27,10.163.255.0/27,10.164.255.0/27,10.165.255.0/27,10.166.255.0/27,10.167.255.0/27
Thirsk Unit 1 (Shrimp & Stirrup),Y,RACECOURSE,TT,10.92.26.10,10.92.27.10,DYNAMIC,wh-r_rc-thirsk_01,10.96.129.10,N/A,Cisco 4321 ISR,"15.5(3)S4b, RELEASE SOFTWARE (fc1)",wh-s_rc-thirsk_01, 10.96.8.226,WS-C2960X-24PS-L,"15.2(2)E6, RELEASE SOFTWARE (fc1)", 10.96.8.224/27,10.160.244.160/27,10.161.244.160/27,10.162.244.160/27,10.163.244.160/27,10.164.244.160/27,10.165.244.160/27,10.166.244.160/27,10.167.244.160/27
Thirsk Unit 2,Y,RACECOURSE,TT,10.92.26.11,10.92.27.11,DYNAMIC,wh-r_rc-thirsk_02,10.96.129.11,N/A,Cisco 4321 ISR,"15.5(3)S4b, RELEASE SOFTWARE (fc1)",wh-s_rc-thirsk_02, 10.96.9.2,WS-C2960X-24PS-L,"15.0(2a)EX5, RELEASE SOFTWARE (fc3)", 10.96.9.0/27,10.160.244.192/27,10.161.244.192/27,10.162.244.192/27,10.163.244.192/27,10.164.244.192/27,10.165.244.192/27,10.166.244.192/27,10.167.244.192/27
Warwick,Y,RACECOURSE,TT,10.92.26.131,10.92.27.131,DYNAMIC,wh-r_rc-warwick_01,10.96.129.131,N/A,Cisco 4321 ISR,"15.5(3)S4b, RELEASE SOFTWARE (fc1)",wh-s_rc-warwick_01,10.96.21.2,WS-C2960X-24PS-L,"15.0(2)EX5, RELEASE SOFTWARE (fc1)",10.96.21.0/27,10.160.255.32/27,10.161.255.32/27,10.162.255.32/27,10.163.255.32/27,10.164.255.32/27,10.165.255.32/27,10.166.255.32/27,10.167.255.32/27
Wetherby Unit 1 Betting Shop,Y,RACECOURSE,TT,10.92.26.8,10.92.27.8,DYNAMIC,wh-r_rc-wetherby_01,10.96.129.8,N/A,Cisco 4321 ISR,"15.5(3)S4b, RELEASE SOFTWARE (fc1)",wh-s_rc-wetherby_01, 10.96.8.162,WS-C2960X-24PS-L,"15.2(2)E6, RELEASE SOFTWARE (fc1)", 10.96.8.160/27,10.160.244.96/27,10.161.244.96/27,10.162.244.96/27,10.163.244.96/27,10.164.244.96/27,10.165.244.96/27,10.166.244.96/27,10.167.244.96/27
Wetherby Unit 2,Y,RACECOURSE,USES UNIT 1's ROUTER,,,,,,,,,wh-s_rc-wetherby_01_01, 10.96.8.194,WS-C2960X-24PS-L,"15.2(2)E6, RELEASE SOFTWARE (fc1)", 10.96.8.192/27,10.160.244.128/27,10.161.244.128/27,10.162.244.128/27,10.163.244.128/27,10.164.244.128/27,10.165.244.128/27,10.166.244.128/27,10.167.244.128/27
Wincanton,Y,RACECOURSE,TT,10.92.26.132,10.92.27.132,DYNAMIC,wh-r_rc-wincanton_01,10.96.129.132,N/A,Cisco 4321 ISR,"15.5(3)S4b, RELEASE SOFTWARE (fc1)",wh-s_rc-wincanton_01,10.96.21.34,WS-C2960X-24PS-L,"15.2(2)E6, RELEASE SOFTWARE (fc1)",10.96.21.32/27,10.160.255.64/27,10.161.255.64/27,10.162.255.64/27,10.163.255.64/27,10.164.255.64/27,10.165.255.64/27,10.166.255.64/27,10.167.255.64/27
York Unit 1 Centre Course,Y,RACECOURSE,TT,10.92.26.133,10.92.27.133,DYNAMIC,wh-r_rc-york_01,10.96.129.133,N/A,Cisco 4321 ISR,"15.5(3)S4b, RELEASE SOFTWARE (fc1)",wh-s_rc-york_01,10.96.21.66,WS-C2960X-24PS-L,"15.0(2a)EX5, RELEASE SOFTWARE (fc3)",10.96.21.64/27,10.160.255.96/27,10.161.255.96/27,10.162.255.96/27,10.163.255.96/27,10.164.255.96/27,10.165.255.96/27,10.166.255.96/27,10.167.255.96/27
York Unit 2 Ebor,Y,RACECOURSE,TT,10.92.26.134,10.92.27.134,DYNAMIC,wh-r_rc-york_02,10.96.129.134,N/A,Cisco 4321 ISR,"15.5(3)S4b, RELEASE SOFTWARE (fc1)",wh-s_rc-york_02,10.96.21.98,WS-C2960X-24PS-L,"15.2(2)E6, RELEASE SOFTWARE (fc1)",10.96.21.96/27,10.160.255.128/27,10.161.255.128/27,10.162.255.128/27,10.163.255.128/27,10.164.255.128/27,10.165.255.128/27,10.166.255.128/27,10.167.255.128/27
York Unit 3 Champagne Lawn,Y,RACECOURSE,TT,10.92.26.135,10.92.27.135,DYNAMIC,wh-r_rc-york_03,10.96.129.135,N/A,Cisco 4321 ISR,"15.5(3)S4b, RELEASE SOFTWARE (fc1)",wh-s_rc-york_03,10.96.21.130,WS-C2960X-24PS-L,"15.2(2)E6, RELEASE SOFTWARE (fc1)",10.96.21.128/27,10.160.255.160/27,10.161.255.160/27,10.162.255.160/27,10.163.255.160/27,10.164.255.160/27,10.165.255.160/27,10.166.255.160/27,10.167.255.160/27
York Unit 4 Members,Y,RACECOURSE,TT,10.92.26.136,10.92.27.136,DYNAMIC,wh-r_rc-york_04,10.96.129.136,N/A,Cisco 4321 ISR,"15.5(3)S4b, RELEASE SOFTWARE (fc1)",wh-s_rc-york_04,10.96.21.162,WS-C2960X-24PS-L,"15.2(2)E6, RELEASE SOFTWARE (fc1)",10.96.21.160/27,10.160.255.192/27,10.161.255.192/27,10.162.255.192/27,10.163.255.192/27,10.164.255.192/27,10.165.255.192/27,10.166.255.192/27,10.167.255.192/27
York Unit 5 Main Hall,Y,RACECOURSE,TT,10.92.26.137,10.92.27.137,DYNAMIC,wh-r_rc-york_05,10.96.129.137,N/A,Cisco 4321 ISR,"15.5(3)S4b, RELEASE SOFTWARE (fc1)",wh-s_rc-york_05,10.96.23.66,WS-C2960X-24PS-L,"15.2(2)E6, RELEASE SOFTWARE (fc1)",10.96.23.64/26,10.160.224.0/27,10.161.224.0/27,10.162.224.0/27,10.163.224.0/27,10.164.224.0/27,10.165.224.0/27,10.166.224.0/27,10.167.224.0/27
York Unit 6 Melrose,Y,RACECOURSE,TT,10.92.26.138,10.92.27.138,DYNAMIC,wh-r_rc-york_06,10.96.129.138,N/A,Cisco 4321 ISR,"15.5(3)S4b, RELEASE SOFTWARE (fc1)",wh-s_rc-york_06,10.96.21.226,WS-C2960X-24PS-L,"15.0(2a)EX5, RELEASE SOFTWARE (fc3)",10.96.21.224/27,10.160.224.32/27,10.161.224.32/27,10.162.224.32/27,10.163.224.32/27,10.164.224.32/27,10.165.224.32/27,10.166.224.32/27,10.167.224.32/27
York Unit 7 Theakstons Bar,Y,RACECOURSE,TT,10.92.26.139,10.92.27.139,DYNAMIC,wh-r_rc-york_07,10.96.129.139,N/A,Cisco 4321 ISR,"15.5(3)S4b, RELEASE SOFTWARE (fc1)",wh-s_rc-york_07,10.96.22.2,WS-C2960X-24PS-L,"15.2(2)E6, RELEASE SOFTWARE (fc1)",10.96.22.0/27,10.160.224.64/27,10.161.224.64/27,10.162.224.64/27,10.163.224.64/27,10.164.224.64/27,10.165.224.64/27,10.166.224.64/27,10.167.224.64/27
York Unit 8 Voltiguer,Y,RACECOURSE,TT,10.92.26.174,10.92.27.174,DYNAMIC,wh-r_rc-york_08,10.96.129.174,N/A,Cisco 4321 ISR,"16.5.1b, RELEASE SOFTWARE (fc1)",wh-s_rc-york_08,10.96.23.130,WS-C2960X-24PS-L,"15.2(2)E6, RELEASE SOFTWARE (fc1)",10.96.23.128/27,10.160.225.32/27,10.161.225.32/27,10.162.225.32/27,10.163.225.32/27,10.164.225.32/27,10.165.225.32/27,10.166.225.32/27,10.167.225.32/27
Aston Villa Park Unit 1,Y,STADIUM,Local,10.92.26.83,10.92.27.83,192.168.210.10/24,wh-r_sta-astonvilla_01,10.96.129.83,N/A,CISCO1941,"15.4(3)M3, RELEASE SOFTWARE (fc2)",wh-s_astonvilla_01, 10.96.12.2,WS-C2960X-24PS-L,"15.2(2)E6, RELEASE SOFTWARE (fc1)", 10.96.12.0/27,10.160.246.32/27,10.161.246.32/27,10.162.246.32/27,10.163.246.32/27,10.164.246.32/27,10.165.246.32/27,10.166.246.32/27,10.167.246.32/27
Aston Villa Park Unit 2,Y,STADIUM,Local,10.92.26.84,10.92.27.84,192.168.210.11/24,wh-r_sta-astonvilla_02,10.96.129.84,N/A,CISCO1941,"15.3(3)M6, RELEASE SOFTWARE (fc1)",wh-s_astonvilla_02, 10.96.12.34,WS-C2960X-24PS-L,"15.2(2)E6, RELEASE SOFTWARE (fc1)", 10.96.12.32/27,10.160.246.64/27,10.161.246.64/27,10.162.246.64/27,10.163.246.64/27,10.164.246.64/27,10.165.246.64/27,10.166.246.64/27,10.167.246.64/27
Aston Villa Park Unit 3,Y,STADIUM,Local,10.92.26.85,10.92.27.85,192.168.210.12/24,wh-r_sta-astonvilla_03,10.96.129.85,N/A,CISCO1941,"15.3(3)M6, RELEASE SOFTWARE (fc1)",wh-s_astonvilla_03, 10.96.12.66,WS-C2960X-24PS-L,"15.0(2a)EX5, RELEASE SOFTWARE (fc3)", 10.96.12.64/27,10.160.246.96/27,10.161.246.96/27,10.162.246.96/27,10.163.246.96/27,10.164.246.96/27,10.165.246.96/27,10.166.246.96/27,10.167.246.96/27
Aston Villa Park Unit 4,Y,STADIUM,Local,10.92.26.86,10.92.27.86,192.168.210.13/24,wh-r_sta-astonvilla_04,10.96.129.86,N/A,CISCO1941,"15.3(3)M6, RELEASE SOFTWARE (fc1)",wh-s_astonvilla_04, 10.96.12.98,WS-C2960X-24PS-L,"15.2(2)E6, RELEASE SOFTWARE (fc1)", 10.96.12.96/27,10.160.246.128/27,10.161.246.128/27,10.162.246.128/27,10.163.246.128/27,10.164.246.128/27,10.165.246.128/27,10.166.246.128/27,10.167.246.128/27
Aston Villa Park Unit 5,Y,STADIUM,Local,10.92.26.87,10.92.27.87,192.168.210.14/24,wh-r_sta-astonvilla_05,10.96.129.87,N/A,CISCO1941,"15.2(4)M6, RELEASE SOFTWARE (fc2)",wh-s_astonvilla_05, 10.96.12.130,WS-C2960X-24PS-L,"15.2(2)E6, RELEASE SOFTWARE (fc1)", 10.96.12.128/27,10.160.246.160/27,10.161.246.160/27,10.162.246.160/27,10.163.246.160/27,10.164.246.160/27,10.165.246.160/27,10.166.246.160/27,10.167.246.160/27
Aston Villa Park Unit 6,Y,STADIUM,Local,10.92.26.88,10.92.27.88,192.168.210.15/24,wh-r_sta-astonvilla_06,10.96.129.88,N/A,CISCO1941,"15.3(3)M5, RELEASE SOFTWARE (fc3",wh-s_astonvilla_06, 10.96.12.162,WS-C2960X-24PS-L,"15.2(2)E6, RELEASE SOFTWARE (fc1)", 10.96.12.160/27,10.160.246.192/27,10.161.246.192/27,10.162.246.192/27,10.163.246.192/27,10.164.246.192/27,10.165.246.192/27,10.166.246.192/27,10.167.246.192/27
Aston Villa Park Unit 7,Y,STADIUM,Local,10.92.26.89,10.92.27.89,192.168.210.16/24,wh-r_sta-astonvilla_07,10.96.129.89,N/A,CISCO1941,"15.3(3)M6, RELEASE SOFTWARE (fc1)",wh-s_astonvilla_07, 10.96.12.194,WS-C2960X-24PS-L,"15.2(2)E6, RELEASE SOFTWARE (fc1)", 10.96.12.192/27,10.160.246.224/27,10.161.246.224/27,10.162.246.224/27,10.163.246.224/27,10.164.246.224/27,10.165.246.224/27,10.166.246.224/27,10.167.246.224/27
Aston Villa Park Unit 8,Y,STADIUM,Local,10.92.26.90,10.92.27.90,192.168.210.17/24,wh-r_sta-astonvilla_08,10.96.129.90,N/A,CISCO1941,"15.3(3)M6, RELEASE SOFTWARE (fc1)",wh-s_astonvilla_08, 10.96.12.226,WS-C2960X-24PS-L,"15.0(2a)EX5, RELEASE SOFTWARE (fc3)", 10.96.12.224/27,10.160.247.0/27,10.161.247.0/27,10.162.247.0/27,10.163.247.0/27,10.164.247.0/27,10.165.247.0/27,10.166.247.0/27,10.167.247.0/27
Aston Villa Park Unit 9,Y,STADIUM,Local,10.92.26.91,10.92.27.91,192.168.210.18/24,wh-r_sta-astonvilla_09,10.96.129.91,N/A,CISCO1941,"15.3(3)M6, RELEASE SOFTWARE (fc1)",wh-s_astonvilla_09, 10.96.13.2,WS-C2960X-24PS-L,"15.2(2)E6, RELEASE SOFTWARE (fc1)", 10.96.13.0/27,10.160.247.32/27,10.161.247.32/27,10.162.247.32/27,10.163.247.32/27,10.164.247.32/27,10.165.247.32/27,10.166.247.32/27,10.167.247.32/27
Aston Villa Park Unit 10,Y,STADIUM,Local,10.92.26.92,10.92.27.92,192.168.210.19/24,wh-r_sta-astonvilla_10,10.96.129.92,N/A,CISCO1941,"15.3(3)M6, RELEASE SOFTWARE (fc1)",wh-s_astonvilla_10, 10.96.13.34,WS-C2960X-24PS-L,"15.0(2a)EX5, RELEASE SOFTWARE (fc3)", 10.96.13.32/27,10.160.247.64/27,10.161.247.64/27,10.162.247.64/27,10.163.247.64/27,10.164.247.64/27,10.165.247.64/27,10.166.247.64/27,10.167.247.64/27
Aston Villa Park Unit 11,Y,STADIUM,Local,10.92.26.93,10.92.27.93,192.168.210.20/24,wh-r_sta-astonvilla_11,10.96.129.93,N/A,CISCO1941,"15.3(3)M6, RELEASE SOFTWARE (fc1)",wh-s_astonvilla_11, 10.96.13.66,WS-C2960X-24PS-L,"15.2(2)E6, RELEASE SOFTWARE (fc1)", 10.96.13.64/27,10.160.247.96/27,10.161.247.96/27,10.162.247.96/27,10.163.247.96/27,10.164.247.96/27,10.165.247.96/27,10.166.247.96/27,10.167.247.96/27
Aston Villa Park Unit 12,Y,STADIUM,Local,10.92.26.94,10.92.27.94,192.168.210.21/24,wh-r_sta-astonvilla_12,10.96.129.94,N/A,CISCO1941,"15.3(3)M6, RELEASE SOFTWARE (fc1)",wh-s_astonvilla_12, 10.96.13.98,WS-C2960X-24PS-L,"15.2(2)E6, RELEASE SOFTWARE (fc1)", 10.96.13.96/27,10.160.247.128/27,10.161.247.128/27,10.162.247.128/27,10.163.247.128/27,10.164.247.128/27,10.165.247.128/27,10.166.247.128/27,10.167.247.128/27
Celtic Park Unit 1,Y,STADIUM,Local,10.92.26.73,10.92.27.73,192.168.16.83/22,wh-r_sta-celtic_01,10.96.129.73,N/A,Cisco 4321 ISR,"15.5(3)S4b, RELEASE SOFTWARE (fc1)",wh-s_celtic_01,10.96.10.194,WS-C2960X-24PS-L,"15.2(2)E6, RELEASE SOFTWARE (fc1)",10.96.10.192/27,10.160.244.224/27,10.161.244.224/27,10.162.244.224/27,10.163.244.224/27,10.164.244.224/27,10.165.244.224/27,10.166.244.224/27,10.167.244.224/27
Celtic Park Unit 2,Y,STADIUM,Local,10.92.26.74,10.92.27.74,192.168.16.84/22,wh-r_sta-celtic_02,10.96.129.74,N/A,Cisco 4321 ISR,"15.5(3)S4b, RELEASE SOFTWARE (fc1)",wh-s_celtic_02,10.96.10.226,WS-C2960X-24PS-L,"15.0(2a)EX5, RELEASE SOFTWARE (fc3)",10.96.10.224/27,10.160.245.0/27,10.161.245.0/27,10.162.245.0/27,10.163.245.0/27,10.164.245.0/27,10.165.245.0/27,10.166.245.0/27,10.167.245.0/27
Celtic Park Unit 3,Y,STADIUM,Local,10.92.26.75,10.92.27.75,192.168.16.85/22,wh-r_sta-celtic_03,10.96.129.75,N/A,CISCO1941,"15.3(3)M6, RELEASE SOFTWARE (fc1)",wh-s_celtic_03, 10.96.11.2,WS-C2960X-24PS-L,"15.2(2)E6, RELEASE SOFTWARE (fc1)",10.96.11.0/27,10.160.245.32/27,10.161.245.32/27,10.162.245.32/27,10.163.245.32/27,10.164.245.32/27,10.165.245.32/27,10.166.245.32/27,10.167.245.32/27
Celtic Park Unit 4,Y,STADIUM,Local,10.92.26.76,10.92.27.76,192.168.16.86/22,wh-r_sta-celtic_04,10.96.129.76,N/A,CISCO1941,"15.3(3)M6, RELEASE SOFTWARE (fc1)",wh-s_celtic_04,10.96.11.34,WS-C2960X-24PS-L,"15.0(2)EX3, RELEASE SOFTWARE (fc1)",10.96.11.32/27,10.160.245.64/27,10.161.245.64/27,10.162.245.64/27,10.163.245.64/27,10.164.245.64/27,10.165.245.64/27,10.166.245.64/27,10.167.245.64/27
Celtic Park Unit 5,Y,STADIUM,Local,10.92.26.77,10.92.27.77,192.168.16.87/22,wh-r_sta-celtic_05,10.96.129.77,N/A,CISCO1941,"15.3(3)M6, RELEASE SOFTWARE (fc1)",wh-s_celtic_05, 10.96.11.66,WS-C2960X-24PS-L,"15.0(2a)EX5, RELEASE SOFTWARE (fc3)",10.96.11.64/27,10.160.245.96/27,10.161.245.96/27,10.162.245.96/27,10.163.245.96/27,10.164.245.96/27,10.165.245.96/27,10.166.245.96/27,10.167.245.96/27
Celtic Park Unit 6,Y,STADIUM,Local,10.92.26.78,10.92.27.78,192.168.16.88/22,wh-r_sta-celtic_06,10.96.129.78,N/A,CISCO1941,"15.3(3)M6, RELEASE SOFTWARE (fc1)",wh-s_celtic_06,10.96.11.98,WS-C2960X-24PS-L,"15.0(2)EX5, RELEASE SOFTWARE (fc1)",10.96.11.96/27,10.160.245.128/27,10.161.245.128/27,10.162.245.128/27,10.163.245.128/27,10.164.245.128/27,10.165.245.128/27,10.166.245.128/27,10.167.245.128/27
Celtic Park Unit 7,Y,STADIUM,Local,10.92.26.79,10.92.27.79,192.168.16.89/22,wh-r_sta-celtic_07,10.96.129.79,N/A,CISCO1941,"15.3(3)M6, RELEASE SOFTWARE (fc1)",wh-s_celtic_07, 10.96.11.130,WS-C2960X-24PS-L,"15.0(2)EX5, RELEASE SOFTWARE (fc1)",10.96.11.128/27,10.160.245.160/27,10.161.245.160/27,10.162.245.160/27,10.163.245.160/27,10.164.245.160/27,10.165.245.160/27,10.166.245.160/27,10.167.245.160/27
Celtic Park Unit 8,Y,STADIUM,Local,10.92.26.80,10.92.27.80,192.168.16.90/22,wh-r_sta-celtic_08,10.96.129.80,N/A,Cisco 4321 ISR,"15.5(3)S6, RELEASE SOFTWARE (fc3)",wh-s_celtic_08,10.96.11.162,WS-C2960X-24PS-L,"15.0(2a)EX5, RELEASE SOFTWARE (fc3)",10.96.11.160/27,10.160.245.192/27,10.161.245.192/27,10.162.245.192/27,10.163.245.192/27,10.164.245.192/27,10.165.245.192/27,10.166.245.192/27,10.167.245.192/27
Celtic Park Unit 9,Y,STADIUM,Local,10.92.26.81,10.92.27.81,192.168.16.91/22,wh-r_sta-celtic_09,10.96.129.81,N/A,Cisco 4321 ISR,"15.5(3)S4b, RELEASE SOFTWARE (fc1)",wh-s_celtic_09, 10.96.11.194,WS-C2960X-24PS-L,"15.2(2)E6, RELEASE SOFTWARE (fc1)",10.96.11.192/27,10.160.245.224/27,10.161.245.224/27,10.162.245.224/27,10.163.245.224/27,10.164.245.224/27,10.165.245.224/27,10.166.245.224/27,10.167.245.224/27
Celtic Park Unit 10,Y,STADIUM,Local,10.92.26.82,10.92.27.82,192.168.16.92/22,wh-r_sta-celtic_10,10.96.129.82,N/A,CISCO1941,"15.3(3)M6, RELEASE SOFTWARE (fc1)",wh-s_celtic_10,10.96.11.226,WS-C2960X-24PS-L,"15.0(2a)EX5, RELEASE SOFTWARE (fc3)",10.96.11.224/27,10.160.246.0/27,10.161.246.0/27,10.162.246.0/27,10.163.246.0/27,10.164.246.0/27,10.165.246.0/27,10.166.246.0/27,10.167.246.0/27
Celtic Park Hospitality Betting Area Unit 1,Y,STADIUM,Local,10.92.26.96,10.92.27.96,192.168.16.93/22,wh-r_sta-celtic_hba01,10.96.129.96,N/A,CISCO1941,"15.6(2)T1, RELEASE SOFTWARE (fc1)",wh-s_celtic_hba01, 10.96.13.162,WS-C2960X-24PS-L,"15.2(2)E6, RELEASE SOFTWARE (fc1)",10.96.13.160/27,10.160.247.192/27,10.161.247.192/27,10.162.247.192/27,10.163.247.192/27,10.164.247.192/27,10.165.247.192/27,10.166.247.192/27,10.167.247.192/27
Celtic Park Hospitality Betting Area Unit 2,Y,STADIUM,Local,10.92.26.97,10.92.27.97,192.168.16.94/22,wh-r_sta-celtic_hba02,10.96.129.97,N/A,CISCO1941,"15.3(3)M6, RELEASE SOFTWARE (fc1)",wh-s_celtic_hba02, 10.96.13.194,WS-C2960X-24PS-L,"15.2(2)E6, RELEASE SOFTWARE (fc1)",10.96.13.192/27,10.160.247.224/27,10.161.247.224/27,10.162.247.224/27,10.163.247.224/27,10.164.247.224/27,10.165.247.224/27,10.166.247.224/27,10.167.247.224/27
Celtic Park Hospitality Betting Area Unit 3,Y,STADIUM,Local,10.92.26.98,10.92.27.98,192.168.16.95/22,wh-r_sta-celtic_hba03,10.96.129.98,N/A,CISCO1941,"15.1(1)T, RELEASE SOFTWARE (fc1)",wh-s_celtic_hba03, 10.96.13.226,WS-C2960X-24PS-L,"15.2(2)E3, RELEASE SOFTWARE (fc3)",10.96.13.224/27,10.160.248.0/27,10.161.248.0/27,10.162.248.0/27,10.163.248.0/27,10.164.248.0/27,10.165.248.0/27,10.166.248.0/27,10.167.248.0/27
Celtic Park Hospitality Betting Area Unit 4,Y,STADIUM,Local,10.92.26.99,10.92.27.99,192.168.16.96/22,wh-r_sta-celtic_hba04,10.96.129.99,N/A,CISCO1941,"15.3(3)M6, RELEASE SOFTWARE (fc1)",wh-s_celtic_hba04, 10.96.14.2,WS-C2960X-24PS-L,"15.0(2a)EX5, RELEASE SOFTWARE (fc3)",10.96.14.0/27,10.160.248.32/27,10.161.248.32/27,10.162.248.32/27,10.163.248.32/27,10.164.248.32/27,10.165.248.32/27,10.166.248.32/27,10.167.248.32/27
Sheffield Wednesday Unit 1,Y,STADIUM,Local,10.92.26.62,10.92.27.62,10.55.0.145/16,wh-r_sta-sheffieldw_01,10.96.129.62,N/A,CISCO1941,"15.4(3)M3, RELEASE SOFTWARE (fc2)",wh-s_sta-sheffieldw_01,10.96.14.34,WS-C2960X-24PS-L,"15.2(2)E7, RELEASE SOFTWARE (fc3)", 10.96.14.32/27,10.160.248.64/27,10.161.248.64/27,10.162.248.64/27,10.163.248.64/27,10.164.248.64/27,10.165.248.64/27,10.166.248.64/27,10.167.248.64/27
Sheffield Wednesday Unit 2,Y,STADIUM,Local,10.92.26.63,10.92.27.63,10.55.0.146/16,wh-r_sta-sheffieldw_02,10.96.129.63,N/A,CISCO1941,"15.2(4)M6, RELEASE SOFTWARE (fc2)",wh-s_sta-sheffieldw_02,10.96.14.66,WS-C2960X-24PS-L,"15.2(2)E6, RELEASE SOFTWARE (fc1)", 10.96.14.64/27,10.160.248.96/27,10.161.248.96/27,10.162.248.96/27,10.163.248.96/27,10.164.248.96/27,10.165.248.96/27,10.166.248.96/27,10.167.248.96/27
Sheffield Wednesday Unit 3,Y,STADIUM,Local,10.92.26.64,10.92.27.64,10.55.0.147/16,wh-r_sta-sheffieldw_03,10.96.129.64,N/A,CISCO1941,"15.3(3)M6, RELEASE SOFTWARE (fc1)",wh-s_sta-sheffieldw_03,10.96.14.98,WS-C2960X-24PS-L,"15.2(2)E7, RELEASE SOFTWARE (fc3)", 10.96.14.96/27,10.160.248.128/27,10.161.248.128/27,10.162.248.128/27,10.163.248.128/27,10.164.248.128/27,10.165.248.128/27,10.166.248.128/27,10.167.248.128/27
Sheffield Wednesday Unit 4,Y,STADIUM,Local,10.92.26.65,10.92.27.65,10.55.0.148/16,wh-r_sta-sheffieldw_04,10.96.129.65,N/A,CISCO1941,"15.3(3)M6, RELEASE SOFTWARE (fc1)",wh-s_sta-sheffieldw_04,10.96.14.130,WS-C2960X-24PS-L,"15.2(2)E7, RELEASE SOFTWARE (fc3)", 10.96.14.128/27,10.160.248.160/27,10.161.248.160/27,10.162.248.160/27,10.163.248.160/27,10.164.248.160/27,10.165.248.160/27,10.166.248.160/27,10.167.248.160/27
Sheffield Wednesday Unit 5,Y,STADIUM,Local,10.92.26.66,10.92.27.66,10.55.0.163/16,wh-r_sta-sheffieldw_05,10.96.129.66,N/A,CISCO1941,"15.3(3)M6, RELEASE SOFTWARE (fc1)",wh-s_sta-sheffieldw_05,10.96.14.162,WS-C2960X-24PS-L,"15.0(2a)EX5, RELEASE SOFTWARE (fc3)", 10.96.14.160/27,10.160.248.192/27,10.161.248.192/27,10.162.248.192/27,10.163.248.192/27,10.164.248.192/27,10.165.248.192/27,10.166.248.192/27,10.167.248.192/27
Sheffield Wednesday Unit 6,Y,STADIUM,Local,10.92.26.142,10.92.27.142,10.55.0.164/16,wh-r_sta-sheffieldw_06,10.96.129.142,N/A,CISCO1941,"15.4(3)M3, RELEASE SOFTWARE (fc2)",wh-s_sta-sheffieldw_06,10.96.22.34,WS-C2960X-24PS-L,"15.2(2)E7, RELEASE SOFTWARE (fc3)", 10.96.22.32/27,10.160.224.96/27,10.161.224.96/27,10.162.224.96/27,10.163.224.96/27,10.164.224.96/27,10.165.224.96/27,10.166.224.96/27,10.167.224.96/27
Sheffield Wednesday Unit 7,Y,STADIUM,Local,10.92.26.143,10.92.27.143,10.55.0.165/16,wh-r_sta-sheffieldw_07,10.96.129.143,N/A,CISCO1941,"15.3(3)M6, RELEASE SOFTWARE (fc1)",wh-s_sta-sheffieldw_07,10.96.22.66,WS-C2960X-24PS-L,"15.2(2)E7, RELEASE SOFTWARE (fc3)", 10.96.22.64/27,10.160.224.128/27,10.161.224.128/27,10.162.224.128/27,10.163.224.128/27,10.164.224.128/27,10.165.224.128/27,10.166.224.128/27,10.167.224.128/27
Scientific Games (Oldham),Y,THIRD PARTY,Local,10.92.26.70,10.92.27.70,DHCP,wh-r_sg-oldham_01,10.96.129.70,N/A,CISCO1941,15.4(3)M3,MANAGED BY SG,,,,10.96.253.0/27,Used for SG services - Does not need to receive SOFT configuration,,,,,,,